"Time","PVR.I","PVR.Vd","Compliance.I","Systemic Resistance.I","Systemic Resistance.Vd"
0,-0.00221085688980795,-0.0265302826776955,-0.000150282465359502,0.00236113935516746,24.3598747272627
0.01171875,-0.00273493327051912,-0.0328191992462294,-0.000128193017496796,0.00286312628801592,29.5388739134602
0.0234375,-0.00316782357115126,-0.0380138828538151,-0.000101829442069289,0.00326965301322055,33.7330101373964
0.03515625,-0.00349509467619306,-0.0419411361143167,-7.20707456698744E-05,0.00356716542186293,36.8024456573599
0.046875,-0.00370583495796448,-0.0444700194955737,-3.99091205629159E-05,0.00374574407852739,38.6448416581671
0.05859375,-0.00379301807217077,-0.0455162168660493,-6.41687551395254E-06,0.00379943494768473,39.1987703552633
0.0703125,-0.0037537372248578,-0.0450448466982936,2.7289316181886E-05,0.00372644790867592,38.4457630738094
0.08203125,-0.00358930208855242,-0.0430716250626291,6.00856479809732E-05,0.00352921644057145,36.4109260173756
0.09375,-0.00330519513614416,-0.0396623416337299,9.08786492054272E-05,0.00321431648693873,33.1621031957469
0.10546875,-0.00291088884838926,-0.0349306661806711,0.000118641642721674,0.00279224720566758,28.8076144208724
0.1171875,-0.00241952988956735,-0.0290343586748082,0.000142448975638827,0.00227708091392852,23.4926437890006
0.12890625,-0.00184750078126897,-0.0221700093752277,0.000161506881732569,0.0016859938995364,17.3943990615171
0.140625,-0.0012138736886574,-0.0145664842638888,0.000175179946602807,0.0010386937420546,10.7162033367773
0.15234375,-0.000539774530653388,-0.00647729436784065,0.000183012293183653,0.000356762237469735,3.68071600397526
0.1640625,0.000152321384596387,0.00182785661515664,0.000184742781254372,-0.000337064165850759,-3.47749099908228
0.17578125,0.000839338714573527,0.0100720645748823,0.000180313714180619,-0.00101965242875415,-10.5197541074565
0.1875,0.00149837144313781,0.0179804573176537,0.000169872762592306,-0.00166824420573012,-17.2112754705176
0.19921875,0.00210744659572405,0.0252893591486886,0.0001537680408603,-0.00226121463658435,-23.3289514056408
0.2109375,0.00264625684576712,0.0317550821492055,0.000132536500528371,-0.00277879334629549,-28.6688109537306
0.22265625,0.00309683758634158,0.037162051036099,0.000106886027677852,-0.00320372361401943,-33.0528165258385
0.234375,0.00344416589260153,0.0413299907112184,7.76718411212522E-05,-0.00352183773372279,-36.334799898818
0.24609375,0.00367666140486463,0.0441199368583755,4.58679783385471E-05,-0.00372252938320318,-38.4053356465072
0.2578125,0.00378657243227235,0.0454388691872682,1.25348198506273E-05,-0.00379910725212297,-39.1953895201527
0.26953125,0.00377023440384818,0.0452428128461782,-2.12162651921028E-05,-0.00374901813865608,-38.6786201365147
0.28125,0.00362819204987251,0.0435383045984701,-5.42599734457486E-05,-0.00357393207642676,-36.8722572324949
0.29296875,0.00336518123989446,0.0403821748787336,-8.5494586392355E-05,-0.00327968665350211,-33.8365272041813
0.3046875,0.00298997108292416,0.0358796529950899,-0.000113878703011786,-0.00287609237991237,-29.672645083556
0.31640625,0.00251507155438219,0.0301808586525863,-0.000138465961392864,-0.00237660559298933,-24.5194399028709
0.328125,0.00195631639788917,0.02347579677467,-0.000158436591621865,-0.0017978798062673,-18.5487259612598
0.33984375,0.00133233520847071,0.0159880225016485,-0.000173124747935668,-0.00115921046053504,-11.95957432134
0.3515625,0.000663932298583514,0.00796718758300217,-0.000182040708851407,-0.000481891589732107,-4.97167553126615
0.36328125,-2.66069436548197E-05,-0.000319283323857837,-0.000184887205092556,0.000211494148747375,2.18198513262667
0.375,-0.000716259077149014,-0.00859510892578817,-0.000181569330918018,0.000897828408067032,9.26289568602757
0.38671875,-0.00138203023811766,-0.016584362857412,-0.000172197708398135,0.0015542279465158,16.0349697242035
0.3984375,-0.00200172278424023,-0.0240206734108828,-0.000157084799136603,0.00215880758337683,22.2724178376988
0.41015625,-0.00255467539178573,-0.0306561047014287,-0.000136734486410263,0.00269140987819599,27.767275713348
0.421875,-0.00302245192996013,-0.0362694231595216,-0.00011182527507107,0.0031342772050312,32.3363379243069
0.43359375,-0.00338945614454115,-0.0406734737344938,-8.31876693466174E-05,0.00347264381388777,35.8272662278801
0.4453125,-0.00364345165647996,-0.0437214198777595,-5.17764827915566E-05,0.00369522813927151,38.1236687128642
0.45703125,-0.00377596993806675,-0.045311639256801,-1.86390036107358E-05,0.00379460894167749,39.1489804512866
0.46875,-0.00378259266422523,-0.0453911119707027,1.511992323802E-05,0.00376747274098721,38.869016268765
0.48046875,-0.00366309902499083,-0.0439571882998899,4.83747329551995E-05,0.00361472429203563,37.2931105209316
0.4921875,-0.00342147308759087,-0.0410576770510904,8.00166686363134E-05,0.00334145641895455,34.4738058743541
0.50390625,-0.00306577096266547,-0.0367892515519857,0.00010899074861234,0.00295678021405313,30.5051014683862
0.515625,-0.00260785220347354,-0.0312942264416825,0.000134330940856695,0.00247352126261685,25.519318866418
0.52734375,-0.0020629843935698,-0.0247558127228375,0.000155192371699945,0.00190779202186985,19.6826902896312
0.5390625,-0.00144933410649373,-0.0173920092779248,0.000170879494973518,0.00127845461152021,13.189816227054
0.55078125,-0.000787361209510537,-0.00944833451412644,0.000180869282387999,0.000606491927122538,6.25717721212322
0.5625,-9.91367060739313E-05,-0.00118964047288718,0.000184828661949758,-8.56919558758268E-05,-0.884083908770905
0.57421875,0.000592393139004484,0.0071087176680538,0.000182625622997361,-0.000775018762001845,-7.99586856757303
0.5859375,0.00126417185669308,0.0151700622803169,0.000174333617601956,-0.00143850547429503,-14.8410609783018
0.59765625,0.00189380150522443,0.0227256180626932,0.000160229111583448,-0.00205403061680788,-21.1914338736069
0.609375,0.00246028944545784,0.0295234733454941,0.00014078236679465,-0.00260107181225249,-26.8352578870089
0.62109375,0.00294474826169644,0.0353369791403572,0.000116641762003571,-0.00306139002370001,-31.584360874513
0.6328125,0.00333102549172445,0.0399723059006934,8.86121751351859E-05,-0.00341963766685964,-35.2804018089909
0.64453125,0.00360624217007836,0.0432749060409403,5.76281476358268E-05,-0.00366387031771419,-37.8001500678573
0.65625,0.00376122222884639,0.0451346667461566,2.47227256937399E-05,-0.00378594495454013,-39.0595940959905
0.66796875,0.00379079843923727,0.0454895812708472,-9.00698281152638E-06,-0.00378179145642574,-39.0167424559444
0.6796875,0.00369398469344409,0.0443278163213291,-4.24363872565409E-05,-0.00365154830618755,-37.673023874937
0.69140625,0.0034740088827106,0.0416881065925272,-7.44509095304442E-05,-0.00339955797318015,-35.0732396092996
0.703125,0.0031382052754042,0.0376584633048504,-0.000103983145461705,-0.0030342221299425,-31.3040697146167
0.71484375,0.00269776998334521,0.0323732398001425,-0.000130048453406834,-0.00256772152993837,-26.4911830243742
0.7265625,0.00216738766945029,0.0260086520334034,-0.000151777783432965,-0.00201560988601732,-20.7950471940407
0.73828125,0.00156474194272383,0.018776903312686,-0.000168446652528428,-0.0013962952901954,-14.405578508946
0.75,0.000909925764639905,0.0109191091756789,-0.000179499299771507,-0.000730426464868398,-7.53580983804727
0.76171875,0.000224771524702523,0.00269725829643028,-0.000184567216093953,-4.020430860857E-05,-0.414787851914617
0.7734375,-0.000467876878697777,-0.00561452254437333,-0.000183481430833728,0.000651358309531505,6.72006367943654
0.78515625,-0.00114492568239737,-0.0137391081887685,-0.000176278145427983,0.00132120382782535,13.6308598916742
0.796875,-0.00178380123337679,-0.0214056148005215,-0.000163197526411924,0.00194699875978872,20.0871862047402
0.80859375,-0.00236320262255591,-0.0283584314706709,-0.000144675697966464,0.00250787832052237,25.8737806328293
0.8203125,-0.00286381188371595,-0.0343657426045914,-0.000121330200993123,0.00298514208470907,30.7977108879435
0.83203125,-0.00326893807862911,-0.0392272569435493,-9.39394035288348E-05,0.00336287748215794,34.6948069834235
0.84375,-0.00356507379379271,-0.0427808855255125,-6.34165489830979E-05,0.00362849034277581,37.435134866418
0.85546875,-0.00374234549447152,-0.0449081459336583,-3.07793074616905E-05,0.00377312480193321,38.9273285815449
0.8671875,-0.00379484272068182,-0.0455381126481819,2.88415462612775E-06,0.0037919585660557,39.1216365259966
0.87890625,-0.00372081514931178,-0.0446497817917414,3.64514553952509E-05,0.00368436369391653,38.0115802301369
0.890625,-0.00352273095208085,-0.0422727714249702,6.88034190990854E-05,0.00345392753298176,35.6341703577728
0.90234375,-0.0032071945036109,-0.0384863340433308,9.886139084723E-05,0.00310833311276367,32.0686727243828
0.9140625,-0.00278472618332487,-0.0334167141998985,0.000125623200307201,0.00265910298301767,27.4339654757933
0.92578125,-0.0022694116128526,-0.0272329393542312,0.000148196575315426,0.00212121503753717,21.884575542271
0.9375,-0.00167843202380715,-0.0201411842856858,0.000165828891345982,0.00151260313246117,15.6055265176019
0.94921875,-0.00103149141405663,-0.0123778969686796,0.000177932264952597,0.000853559149104036,8.80616974130634
0.9609375,-0.000350159591817095,-0.00420191510180513,0.0001841031545373,0.000166056437279795,1.71320426341565
0.97265625,0.000342846988702681,0.00411416386443217,0.000184135814931425,-0.000526982803634106,-5.43688158509307
0.984375,0.00102442262226642,0.012293071467197,0.000178029157196626,-0.00120245177946304,-12.4056950087202
0.99609375,0.00167184272569116,0.0200621127082939,0.000165986784931443,-0.0018378295106226,-18.9608870610934
1.0078125,0.00226352150384267,0.027162258046112,0.000148410205872911,-0.00241193170971558,-24.8838994491356
1.01953125,0.00277973164701451,0.0333567797641741,0.000125885445127012,-0.00290561709214152,-29.977251539624
1.03125,0.00320326206408085,0.0384391447689702,9.91635063594181E-05,-0.00330242557044027,-34.0711246102323
1.04296875,0.00351999172177823,0.0422399006613387,6.91353323950192E-05,-0.00358912705417324,-37.0290238179054
1.0546875,0.00371936045759727,0.0446323254911673,3.6802100070954E-05,-0.00375616255766823,-38.7523291074631
1.06640625,0.00379472106879468,0.0455366528255362,3.2418397500119E-06,-0.00379796290854469,-39.1835833274556
1.078125,0.00374356093843765,0.0449227312612519,-3.04265075585456E-05,-0.00371313443087911,-38.3084079233798
1.08984375,0.00356758580919171,0.0428110297103005,-6.30803970902505E-05,-0.00350450541210146,-36.1559823366508
1.1015625,0.00327266291172907,0.0392719549407488,-9.36311073703846E-05,-0.00317903180435868,-32.7980711255685
1.11328125,0.00286862534392751,0.0344235041271301,-0.000121060039548168,-0.00274756530437934,-28.3466312452817
1.125,0.00236894422310169,0.0284273306772203,-0.000144452678755128,-0.00222449154434656,-22.9500792630235
1.13671875,0.00179027954212104,0.0214833545054525,-0.000163029085173346,-0.0016272504569477,-16.7883429643294
1.1484375,0.00115192470443256,0.0138230964531907,-0.000176169898203516,-0.000975754806229045,-10.0668623358651
1.16015625,0.000475163257884686,0.00570195909461624,-0.000183436986721066,-0.00029172627116362,-3.00973993959507
1.171875,-0.000217440725349576,-0.00260928870419491,-0.000184588056915357,0.000402028782264932,4.14773094662731
1.18359375,-0.000902794963130445,-0.0108335395575653,-0.000179584730667943,0.00108237969379839,11.166911300918
1.1953125,-0.00155804888888941,-0.0186965866666729,-0.000168593825127072,0.00172664271401648,17.813772880508
1.20703125,-0.00216135551806802,-0.0259362662168162,-0.000151981790815499,0.00231333730888352,23.8667010157513
1.21875,-0.00269259985387875,-0.032311198246545,-0.000130302493712238,0.00282290234759099,29.1238835200963
1.23046875,-0.00313406954642953,-0.0376088345571543,-0.00010427874866881,0.00323834829509834,33.4100393605296
1.2421875,-0.0034710454445989,-0.0416525453351868,-7.47782198589888E-05,0.00354582366445788,36.582262746212
1.25390625,-0.00369229235092452,-0.0443075082110943,-4.27844917712345E-05,0.00373507684269576,38.5347877860921
1.265625,-0.00379043361712384,-0.0454852034054861,-9.3642752729238E-06,0.00379979789239677,39.2025148558574
1.27734375,-0.00376219709076417,-0.0451463650891701,2.43681578627015E-05,0.00373782893290147,38.5631811007445
1.2890625,-0.00360852421291303,-0.0433022905549564,5.72881261696303E-05,0.0035512360867434,36.6381027069317
1.30078125,-0.00333453862931672,-0.0400144635518006,8.82980367743341E-05,0.00324624059254238,33.4914641932598
1.3125,-0.00294937536164965,-0.0353925043397959,0.000116363980513506,0.00283301138113615,29.2281784191816
1.32421875,-0.00246587623447848,-0.0295905148137418,0.000140550203757297,0.00232532603072119,23.9903886589505
1.3359375,-0.00190016171278643,-0.0228019405534371,0.000160050307604554,0.00174011140518187,17.9527293672614
1.34765625,-0.00127109342552986,-0.0152531211063583,0.000174214134229566,0.00109687929130029,11.3165036483451
1.359375,-0.000599645295363241,-0.00719574354435889,0.000182569443956388,0.000417075851406854,4.30297155896451
1.37109375,9.17957581470392E-05,0.00110154909776447,0.000184837660319629,-0.000276633418466668,-2.85402697832062
1.3828125,0.000780176226391172,0.00936211471669407,0.000180943158151815,-0.000961119384542987,-9.91586869033
1.39453125,0.001442544644496,0.017310535733952,0.000171015785021006,-0.001613560429517,-16.6471029513269
1.40625,0.00205681682183944,0.0246818018620732,0.000155386531950651,-0.00221220335379009,-22.8233020010523
1.41796875,0.00260251215655782,0.0312301458786938,0.000134576497765279,-0.0027370886543231,-28.2385436466514
1.4296875,0.0030614364844004,0.0367372378128048,0.000109279515004657,-0.00317071599940506,-32.712276965862
1.44140625,0.0034182886948973,0.0410194643387676,8.03390166800701E-05,-0.00349862771157737,-36.0953421003437
1.453125,0.00366117088949974,0.0439340506739969,4.87199151638744E-05,-0.00370989080466361,-38.2749434317145
1.46484375,0.00378198507238291,0.0453838208685949,1.5476430805501E-05,-0.00379746150318841,-39.1784103283948
1.4765625,0.00377670314774434,0.0453204377729321,-1.82830570921643E-05,-0.00375842009065218,-38.7756200752585
1.48828125,0.00364550122155074,0.0437460146586088,-5.14329650235391E-05,-0.0035940682565272,-37.0800022025911
1.5,0.00339275372994494,0.0407130447593393,-8.28680336407411E-05,-0.0033098856963042,-34.1480907287704
1.51171875,0.00302688759007956,0.0363226510809547,-0.000111540178481116,-0.00291534741159844,-30.0776392454611
1.5234375,0.00256010123617051,0.0307212148340461,-0.000136493434412734,-0.00242360780175778,-25.004361690735
1.53515625,0.00200795790845953,0.0240954949015144,-0.000156895828706277,-0.00185106207975326,-19.0974074768143
1.546875,0.00138886675533985,0.0166664010640782,-0.000172067120045253,-0.0012167996352946,-12.5537218373344
1.55859375,0.000723469049348369,0.00868162859218043,-0.000181501478621412,-0.000541967570726957,-5.59147942719002
1.5703125,3.39499813500875E-05,0.00040739977620105,-0.000184884351132589,0.000150934369782501,1.55718989304607
1.58203125,-0.000656701021443491,-0.0078804122573219,-0.000182102948382665,0.000838803969826156,8.65394055669645
1.59375,-0.00132545679170052,-0.0159054815004063,-0.000173250005814406,0.00149870679751493,15.4621580299615
1.60546875,-0.00195002017649782,-0.0234002421179739,-0.00015862069159392,0.00210864086809174,21.7548478361025
1.6171875,-0.00250956745225738,-0.0301148094270885,-0.000138702765335143,0.00264827021759252,27.322203834902
1.62890625,-0.00298544261370752,-0.0358253113644903,-0.000114160315584993,0.00309960292929252,31.9786034215109
1.640625,-0.00336177938840756,-0.0403413526608907,-8.5811618281465E-05,0.00344759100668902,35.5687964160106
1.65234375,-0.00362603023809418,-0.0435123628571301,-5.460185441147E-05,0.00368063209250565,37.9730812983807
1.6640625,-0.00376938470928408,-0.0452326165114089,-2.1571596495895E-05,0.00379095630577997,39.111296206732
1.67578125,-0.00378706318480085,-0.0454447582176102,1.21778853983878E-05,0.00377488529940246,38.9454916339352
1.6875,-0.00367847624218329,-0.0441417149061995,4.55213413784461E-05,0.00363295490080484,37.4811957116036
1.69921875,-0.0034472443057667,-0.0413669316692003,7.73470589626344E-05,0.00336989724680406,34.7672298952775
1.7109375,-0.00310107693721215,-0.0372129232465458,0.000106593928963662,0.00299448300824848,30.8940811960996
1.72265625,-0.00265151578908843,-0.0318181894690611,0.000132286824194685,0.00251922896489374,25.9908852308087
1.734375,-0.00211354979175525,-0.025362597501063,0.000153569111428039,0.00195998068032721,20.2211206789358
1.74609375,-0.00150511540369789,-0.0180613848443747,0.000169731212617271,0.00133538419108062,13.7771586993787
1.7578125,-0.000846498587591511,-0.0101579830510981,0.000180234263115838,0.000666264324475673,6.87384903561551
1.76953125,-0.000159658450960323,-0.00191590141152388,0.000184728078097615,-2.50696271372919E-05,-0.25864334317544
1.78125,0.000532504897902982,0.00639005877483578,0.000183062828156523,-0.000715567726059504,-7.38251222975591
1.79296875,0.00120691386815911,0.0144829664179093,0.000175294034806186,-0.0013822079029653,-14.260238934893
1.8046875,0.00184108282213381,0.0220929938656057,0.000161680719323207,-0.00200276354145701,-20.662511457212
1.81640625,0.00241386777457146,0.0289664132948575,0.000142676766654253,-0.00255654454122571,-26.3758700318257
1.828125,0.00290617135952085,0.0348740563142502,0.000118915792324843,-0.00302508715184569,-31.209824145592
1.83984375,0.00330157956037614,0.0396189547245136,9.11900169060413E-05,-0.00339276957728218,-35.0032037288202
1.8515625,0.00358690897369818,0.0430429076843782,6.04238523908701E-05,-0.00364733282608905,-37.6295327667607
1.86328125,0.00375264636035654,0.0450317563242784,2.76430811434938E-05,-0.00378028944150003,-39.0012461679558
1.875,0.00379326582880789,0.0455191899456946,-6.0593449664522E-06,-0.00378720648384143,-39.0726092937921
1.88671875,0.00370741307522413,0.0444889569026896,-3.95597449446726E-05,-0.00366785333027946,-37.8412428084932
1.8984375,0.00349795053767411,0.0419754064520893,-7.1741173600536E-05,-0.00342620936407357,-35.3482020091471
1.91015625,0.00317186195886202,0.0380623435063443,-0.000101530661895197,-0.00307033129696683,-31.6766079908067
1.921875,0.00274001953942022,0.0328802344730427,-0.00012793499106996,-0.00261208454835026,-26.9488762853296
1.93359375,0.0022168214451564,0.0266018573418768,-0.000150073807800613,-0.00206674763735579,-21.3226353745997
1.9453125,0.0016197117542165,0.019436541050598,-0.000167208976277109,-0.0014525027779394,-14.9854711600007
1.95703125,0.000968598849724731,0.0116231861966968,-0.000178769188573804,-0.000789829661150927,-8.14867261409412
1.96875,0.000285191649416667,0.003422299793,-0.000184369012769392,-0.000100822636647275,-1.04018714228993
1.98046875,-0.000407724196801113,-0.00489269036161336,-0.000183821743728776,0.000591545940529889,6.10297946844686
1.9921875,-0.00108704600888733,-0.0130445521066479,-0.000177145628085547,0.00126419163697287,13.0426651186491
2.00390625,-0.00173012434888301,-0.0207614921865961,-0.000164563255876372,0.00189468760475938,19.5474920183025
2.015625,-0.00231551818147125,-0.0277862181776549,-0.000146494139111084,0.00246201232058233,25.4005811114479
2.02734375,-0.00282370974488307,-0.0338845169385968,-0.000123540724718212,0.00294725046960128,30.4067830948764
2.0390625,-0.00323775529746027,-0.0388530635695232,-9.64683082115671E-05,0.00333422360567184,34.3991849397163
2.05078125,-0.00354385004317182,-0.0425262005180618,-6.61795177817528E-05,0.00361002956095357,37.2446749803579
2.0625,-0.00373178840076121,-0.0447814608091346,-3.36842195444598E-05,0.00376547262030567,38.8483810236936
2.07421875,-0.00379530427057642,-0.0455436512469171,-6.58473425247524E-08,0.00379537011791895,39.1568335065698
2.0859375,-0.00373227995416114,-0.0447873594499337,3.35547202920811E-05,0.00369872523386906,38.1597482378271
2.09765625,-0.00354481676096718,-0.0425378011316061,6.60565316289181E-05,0.00347876022933826,35.8903692860828
2.109375,-0.00323916494807194,-0.0388699793768633,9.63559356702689E-05,0.00314280901240167,32.4243605809481
2.12109375,-0.00282551532879845,-0.0339061839455814,0.000123442712429377,0.00270207261636907,27.8772831830797
2.1328125,-0.0023176594982667,-0.0278119139792004,0.000146413754926877,0.00217124574333982,22.400742334037
2.14453125,-0.00173253000438122,-0.0207903600525746,0.000164503179905896,0.00156802682447532,16.1773327481119
2.15625,-0.00108963579552835,-0.0130756295463402,0.000177107863336754,0.000912527932191598,9.41455067642072
2.16796875,-0.000410411767862666,-0.00492494121435199,0.000183807549325574,0.000226604218537092,2.33787572264718
2.1796875,0.000282495900911619,0.00338995081093943,0.000184378861970885,-0.000466874762882505,-4.8167469286588
2.19140625,0.000965984803399404,0.0115918176407928,0.000178802752995346,-0.00114478755639475,-11.8107732193246
2.203125,0.00161726656564139,0.0194071987876966,0.000167265136838945,-0.00178453170248033,-18.4110135744896
2.21484375,0.00221462663997361,0.0265755196796833,0.000150150692039431,-0.00236477733201304,-24.3974077343785
2.2265625,0.00273814829517672,0.0328577795421207,0.000128030035569202,-0.00286617833074593,-29.5703618383057
2.23828125,0.00317037666517883,0.0380445199821459,0.000101640697752476,-0.0032720173629313,-33.7574031333623
2.25,0.00349690071609834,0.0419628085931801,7.18625320829027E-05,-0.00356876324818125,-36.8189304314859
2.26171875,0.00370683372811878,0.0444820047374253,3.96883798087101E-05,-0.00374652210792749,-38.6528685874879
2.2734375,0.00379317627232927,0.0455181152679512,6.19096736506793E-06,-0.00379936723969433,-39.1980718119265
2.28515625,0.00375304958042955,0.0450365949651546,-2.75128596655128E-05,-0.00372553672076403,-38.4363623481225
2.296875,0.0035877915264618,0.0430534983175416,-6.02993735803045E-05,-0.00352749215288149,-36.3931365412784
2.30859375,0.00330291202041856,0.0396349442450227,-9.10754310419516E-05,-0.00321183658937661,-33.1365180925985
2.3203125,0.0029079093009595,0.034894911611514,-0.000118814919843112,-0.00278909438111639,-28.7750867299778
2.33203125,0.00241595325226739,0.0289914390272087,-0.000142592970769441,-0.00227336028149795,-23.4542580242144
2.34375,0.00184344630365503,0.0221213556438604,-0.000161616793894807,-0.00168182950976022,-17.3514350521962
2.35546875,0.0012094765520788,0.0145137186249456,-0.000175252111187865,-0.00103422444089093,-10.6700935566718
2.3671875,0.000535181341137428,0.00642217609364914,-0.000183044304134076,-0.000352137037003352,-3.63299781076358
2.37890625,-0.000156957484372523,-0.00188348981247027,-0.000184733571285097,0.000341691055657619,3.52522662121966
2.390625,-0.000843863151250966,-0.0101263578150116,-0.000180263590363527,0.00102412674161449,10.5659155932367
2.40234375,-0.00150263336634489,-0.0180316003961386,-0.00016978339611807,0.00167241676246296,17.2543237383303
2.4140625,-0.0021113039076162,-0.0253356468913944,-0.00015364241131885,0.00226494631893505,23.3674511724529
2.42578125,-0.00264958093874654,-0.0317949712649585,-0.000132378796565568,0.00278195973531211,28.7014785892151
2.4375,-0.00309951763099522,-0.0371942115719427,-0.000106701507340851,0.00320621913833607,33.0785628502133
2.44921875,-0.00344611253289219,-0.0413533503947063,-7.7466656548634E-05,0.00352357918944083,36.352766497461
2.4609375,-0.00367780973737289,-0.0441337168484747,-4.56489706403135E-05,0.0037234587080132,38.4149234905722
2.47265625,-0.00378688417015765,-0.0454426100418918,-1.23092910170632E-05,0.00379919346117472,39.1962789389395
2.484375,-0.00376969915337995,-0.0452363898405595,2.14407957479096E-05,0.00374825835763204,38.6707814756898
2.49609375,-0.00362682765697011,-0.0435219318836413,5.44760195945347E-05,0.00357235163737557,36.8559518428038
2.5078125,-0.00336303319512191,-0.0403563983414629,8.56949448856011E-05,0.00327733825023631,33.812298727688
2.51953125,-0.00298711100477794,-0.0358453320573353,0.000114056693646985,0.00287305431113096,29.6413013279381
2.53125,-0.00251159480144109,-0.030139137617293,0.000138615649739864,0.00237297915170122,24.4820259081015
2.54296875,-0.00195233888944007,-0.0234280666732809,0.000158552986884161,0.00179378590255591,18.5064891566694
2.5546875,-0.00132798955961482,-0.0159358747153778,0.000173203969349792,0.00115478559026502,11.9139229347643
2.56640625,-0.000659363398683165,-0.00791236078419798,0.000182080115076436,0.00047728328360673,4.92413163697063
2.578125,3.12467617685954E-05,0.000374961141223145,0.000184885482275688,-0.000216132244044284,-2.22983636180488
2.58984375,0.000720815116143328,0.00864978139371994,0.000181526536500143,-0.000902341652643471,-9.30945883032269
2.6015625,0.00138635059396013,0.0166362071275216,0.000172115269198604,-0.00155846586315874,-16.0786923102087
2.61328125,0.00200566341086922,0.0240679609304307,0.000156965463781336,-0.00216262887465056,-22.3118420997698
2.625,0.002558104903786,0.030697258845432,0.000136582233689106,-0.0026946871374751,-27.8010871973307
2.63671875,0.00302525598311678,0.0363030717974013,0.000111645181279961,-0.00313690116439674,-32.3634093130811
2.6484375,0.00339154124821854,0.0406984949786225,8.29857390375541E-05,-0.0034745269872561,-35.8466949275212
2.66015625,0.00364474829071636,0.0437369794885964,5.15594485733413E-05,-0.00369630773928971,-38.1348069462519
2.671875,0.00377643487145672,0.0453172184574806,1.841410167537E-05,-0.00379484897313209,-39.1514568558038
2.68359375,0.00378221039530864,0.0453865247437037,-1.53451943790224E-05,-0.00376686520092962,-38.8627482779909
2.6953125,0.00366188229909098,0.0439425875890918,-4.85928624805506E-05,-0.00361328943661043,-37.2783071175098
2.70703125,0.00341946247186944,0.0410335496624333,-8.02203838350859E-05,-0.00333924208803436,-34.4509606222505
2.71875,0.00306303349356267,0.0367564019227521,-0.000109173257365302,-0.00295386023619737,-30.4749760568483
2.73046875,0.00260447915162945,0.0312537498195534,-0.000134486158093995,-0.00246999299353545,-25.4829177143053
2.7421875,0.00205908822074717,0.0247090586489661,-0.000155315122284961,-0.00190377309846221,-19.6412270568346
2.75390625,0.00144504471596236,0.0173405365915483,-0.000170965686248382,-0.00127407902971398,-13.1446733495591
2.765625,0.000782821614909904,0.00939385937891885,-0.000180916040627931,-0.000601905574281973,-6.20985980986711
2.77734375,9.44982631597861E-05,0.00113397915791743,-0.000184834428176592,9.03361650168055E-05,0.931998214478382
2.7890625,-0.000596975778750127,-0.00716370934500152,-0.000182590204957906,0.000779565983708033,8.04278225391577
2.80078125,-0.00126854590233555,-0.0152225508280266,-0.000174258196177898,0.00144280409851345,14.8854098843633
2.8125,-0.00189782112061709,-0.022773853447405,-0.0001601162014193,0.00205793732203639,21.2317393514494
2.82421875,-0.00246382061160137,-0.0295658473392165,-0.000140635732456363,0.00260445634405774,26.8701761016437
2.8359375,-0.0029476732450998,-0.0353720789411976,-0.000116466292463173,0.00306413953756297,31.6127276090371
2.84765625,-0.00333324676978649,-0.0399989612374379,-8.84137207663709E-05,0.00342166049055286,35.3012712810339
2.859375,-0.00360768568261323,-0.0432922281913587,-5.74133251552266E-05,0.00366509900776845,37.8128264631471
2.87109375,-0.00376183984734265,-0.0451420781681118,-2.44986975512481E-05,0.0037863385448939,39.0636547676704
2.8828125,-0.00379056957152262,-0.0454868348582714,9.23274723773834E-06,0.00378133682428488,39.0120520161471
2.89453125,-0.00369291697025407,-0.0443150036430489,4.26563606984376E-05,0.00365026060955563,37.6597387087855
2.90625,-0.00347213790327038,-0.0416656548392446,7.46577577986265E-05,0.00339748014547175,35.0518026608321
2.91796875,-0.00313559342050592,-0.0376271210460711,0.000104169971976485,0.00303142344852944,31.2751957184782
2.9296875,-0.00269450433549442,-0.032334052025933,0.000130209029138783,0.00256429530635563,26.455834675671
2.94140625,-0.00216357710942643,-0.0259629253131171,0.000151906754586565,0.00201167035483986,20.7544030508828
2.953125,-0.00156051351935902,-0.0187261622323083,0.000168539719044287,0.00139197380031474,14.3609936978471
2.96484375,-0.000905420458852106,-0.0108650455062253,0.0001795533586957,0.000725867100156405,7.48877087231363
2.9765625,-0.000220139549015625,-0.00264167458818751,0.00018458046503439,3.5559083981235E-05,0.366863069434401
2.98828125,0.000472481088427184,0.00566977306112621,0.000183453428054197,-0.000655934516481381,-6.76727640653841
3,0.0011493486160644,0.0137921833927728,0.000176209824576131,-0.00132555844064053,-13.6757864320884
3.01171875,0.001787895424847,0.021454745098164,0.000163091165390323,-0.00195098659023733,-20.1283286514785
3.0234375,0.00236683156637038,0.0284019787964445,0.000144534842984478,-0.00251136640935485,-25.909767245314
3.03515625,0.00286685458635391,0.0344022550362469,0.000121159548331805,-0.00298801413468571,-30.8273418275525
3.046875,0.00327129309258307,0.0392555171109969,9.37446429611407E-05,-0.00336503773554421,-34.7170943176096
3.05859375,0.0035666625999551,0.0427999511994612,6.32041740696856E-05,-0.00362986677402478,-37.4493355076137
3.0703125,0.00374311512005983,0.0449173814407179,3.05563990475113E-05,-0.00377367151910734,-38.9329690626304
3.08203125,0.00379476750541736,0.0455372100650083,-3.11016449604067E-06,-0.00379165734092132,-39.1185287862852
3.09375,0.00371989760096544,0.0446387712115853,-3.66730312694611E-05,-0.00368322456969598,-37.9998278855534
3.10546875,0.00352100166286088,0.0422520199543305,-6.90131733611012E-05,-0.00345198848949977,-35.6141652461692
3.1171875,0.00320471113018047,0.0384565335621656,-9.90523300278944E-05,-0.00310565880015257,-32.0410818411741
3.12890625,0.00278157152445687,0.0333788582934824,-0.000125788958255675,-0.00265578256620119,-27.3997087354977
3.140625,0.00226569084881511,0.0271882901857813,-0.000148331625454608,-0.0021173592233605,-21.8447951074103
3.15234375,0.00167426920952193,0.0200912305142631,-0.000165928730935519,-0.00150834047858641,-15.561548717576
3.1640625,0.00102702534295296,0.0123243041154355,-0.00017799356521579,-0.000849031777737167,-8.75946085091435
3.17578125,0.000345539168285451,0.00414647001942541,-0.000184123871646811,-0.00016141529663864,-1.66532161542085
3.1875,-0.000347467713968996,-0.00416961256762795,-0.000184115258152939,0.000531582972121934,5.484341523382
3.19921875,-0.00102888958851389,-0.0123466750621667,-0.000177968011918826,0.00120685760043271,12.4511498636643
3.2109375,-0.00167600699868407,-0.0201120839842089,-0.000165887089814274,0.00184189408849835,19.0028213110375
3.22265625,-0.00226724424151661,-0.0272069308981993,-0.000148275284876156,0.00241551952639276,24.9209149537941
3.234375,-0.00278288872864422,-0.0333946647437307,-0.000125719796685249,0.00290860852532947,30.0081141558241
3.24609375,-0.00320574822862037,-0.0384689787434444,-9.89726533986756E-05,0.00330472088201904,34.0948053397904
3.2578125,-0.00352172407739558,-0.042260688928747,-6.89256381914529E-05,0.00359064971558703,37.0447331157114
3.26953125,-0.00372028124539178,-0.0446433749447013,-3.65805560913028E-05,0.00375686180148308,38.7595432059009
3.28125,-0.00379479958855083,-0.04553759506261,-3.01583254735515E-06,0.00379781542109819,39.18206169947
3.29296875,-0.00374279457220868,-0.0449135348665042,3.06494426217047E-05,0.00371214512958698,38.2982013019488
3.3046875,-0.00356600010858519,-0.0427920013030223,6.32928270803586E-05,0.00350270728150483,36.1374310232853
3.31640625,-0.00327031074598439,-0.0392437289518127,9.3825949606165E-05,0.00317648479637822,32.7717936442341
3.328125,-0.0028655851371894,-0.0343870216462727,0.000121230797746055,0.00274435433944334,28.313503720037
3.33984375,-0.00236531733966121,-0.0283838080759346,0.000144593659623447,0.00222072368003777,22.9112062069497
3.3515625,-0.00178618690680355,-0.0214342428816426,0.000163135588233827,0.00162305131856972,16.7450204536838
3.36328125,-0.00114750277081286,-0.0137700332497544,0.000176238372511019,0.000971264398301845,10.0205347972801
3.375,-0.00047055945875442,-0.00564671350505304,0.000183465149256657,0.000287094309497763,2.96195199108842
3.38671875,0.000222072893575428,0.00266487472290513,0.000184574968704899,-0.000406647862280327,-4.19538599514613
3.3984375,0.00090730105817581,0.0108876126981097,0.000179530828088735,-0.00108683188626454,-11.2128445705913
3.41015625,0.00156227867191554,0.0187473440629865,0.000168500905358459,-0.001730779577274,-17.8564528987358
3.421875,0.00216516796282416,0.0259820155538899,0.000151852951918653,-0.00231702091474281,-23.9047047774016
3.43359375,0.00269586784869345,0.0323504141843214,0.000130142031336924,-0.00282600988003038,-29.1559439322734
3.4453125,0.00313668413227265,0.0376402095872718,0.000104092012831123,-0.00324077614510377,-33.4350874890356
3.45703125,0.00347291944791176,0.0416750333749411,7.4571436565073E-05,-0.00354749088447683,-36.5994634551474
3.46875,0.0036933632900953,0.0443203594811435,4.25645554344616E-05,-0.00373592784552976,-38.5435675823305
3.48046875,0.00379066578570255,0.0454879894284306,9.13851884554867E-06,-0.0037998043045481,-39.2025810100227
3.4921875,0.00376158274796033,0.045138992975524,-2.4592207379332E-05,-0.003736990540581,-38.5545314071741
3.50390625,0.00360708384168327,0.0432850061001993,-5.75029986847062E-05,-0.00354958084299857,-36.6210255572162
3.515625,0.00333232025343744,0.0399878430412493,-8.84965681697426E-05,-0.0032438236852677,-33.4665289609069
3.52734375,0.00294645294454432,0.0353574353345318,-0.000116539551504474,-0.00282991339303984,-29.1962164759921
3.5390625,0.00246234721318464,0.0295481665582157,-0.000140696960587651,-0.00232165025259699,-23.9524656560431
3.55078125,0.00189614374928316,0.0227537249913979,-0.000160163357218183,-0.00173598039206497,-17.9101097049343
3.5625,0.00126672048374042,0.0152006458048851,-0.000174289707411102,-0.00109243077632932,-11.2706083193896
3.57421875,0.000595063174630432,0.00714075809556519,-0.000182605021001558,-0.000412458153628875,-4.2553307709891
3.5859375,-9.64342841930857E-05,-0.00115721141031703,-0.000184832055045291,0.000281266339238377,2.90182482192234
3.59765625,-0.000784716503496701,-0.00941659804196041,-0.000180896557444803,0.000965613060941503,9.96222994973349
3.609375,-0.00144683529414968,-0.0173620235297962,-0.000170929742607161,0.00161776503675684,16.6904818842204
3.62109375,-0.00206071478842112,-0.0247285774610534,-0.000155263916591504,0.00221597870501262,22.8622522996152
3.6328125,-0.00260588747699154,-0.0312706497238985,-0.000134421397610114,0.00274030887460166,28.2717666592653
3.64453125,-0.00306417662128578,-0.0367701194554294,-0.000109097101286438,0.00317327372257222,32.7386649957776
3.65625,-0.00342030228864705,-0.0410436274637647,-8.0135371300063E-05,0.00350043765994712,36.1140153376744
3.66796875,-0.00366239080438247,-0.0439486896525896,-4.8501827913488E-05,0.00371089263229596,38.2852792873974
3.6796875,-0.00378237063491226,-0.0453884476189471,-1.52511729861367E-05,0.00379762180789839,39.1800641920877
3.69140625,-0.00377624150278387,-0.0453148980334064,1.85079751033714E-05,0.0037577335276805,38.7685368050797
3.703125,-0.00364420776092019,-0.0437304931310423,5.16500441790869E-05,0.00359255771674111,37.064417963618
3.71484375,-0.0033906715792378,-0.0406880589508536,8.30700362503571E-05,0.00330760154298744,34.1245251190014
3.7265625,-0.00302408617080183,-0.036289034049622,0.000111720369525418,0.00291236580127641,30.0468779717687
3.73828125,-0.00255667395114102,-0.0306800874136922,0.000136645806097197,0.00242002814504382,24.9674303724171
3.75,-0.0020040190276432,-0.0240482283317184,0.000157015300768547,0.00184700372687465,19.0555374501658
3.76171875,-0.00138454760594434,-0.0166145712713321,0.000172149709137475,0.00121239789680687,12.5083091013564
3.7734375,-0.000718913637210847,-0.00862696364653017,0.00018154443112011,0.000537369206090738,5.54403809923814
3.78515625,-2.9310189602744E-05,-0.000351722275232928,0.000184886234947766,-0.000155576045345022,-1.60507805982459
3.796875,0.00066127049634684,0.00793524595616208,0.000182063700705578,-0.000843334197052417,-8.70067891098979
3.80859375,0.00132980359775749,0.0159576431730899,0.000173170935211667,-0.00150297453296916,-15.5061882566428
3.8203125,0.00195399938576359,0.023447992629163,0.000158504434378173,-0.00211250382014176,-21.7947019124025
3.83203125,0.00251304639292339,0.0301565567150807,0.000138553197667241,-0.00265159959059063,-27.3565529761236
3.84375,0.00298830529354541,0.0358596635225449,0.000113982424237853,-0.00310228771778326,-32.0063023843699
3.85546875,0.00336393036209488,0.0403671643451386,8.56113343748431E-05,-0.00344954169646972,-35.5889216824782
3.8671875,0.00362739778948078,0.0435287734737693,5.43858556610625E-05,-0.00368178364514184,-37.9849618669283
3.87890625,0.00376992324249811,0.0452390789099773,2.13470845698985E-05,-0.00379127032706801,-39.1145359643606
3.890625,0.00378675474447211,0.0454410569336653,-1.24034249918466E-05,-0.00377435131948026,-38.9399825630779
3.90234375,0.00367733111209771,0.0441279733451725,-4.57403888675396E-05,-0.00363159072323017,-37.4671214915657
3.9140625,0.00344530066599205,0.0413436079919046,-7.75523110303905E-05,-0.00336774835496166,-34.7450597781394
3.92578125,0.0030983995911269,0.0371807950935228,-0.000106778542249705,-0.0029916210488772,-30.864554361266
3.9375,0.00264819400275615,0.0317783280330738,-0.000132444643461419,-0.00251574935929473,-25.9549861398437
3.94921875,0.00210969431768249,0.0253163318121898,-0.000153694874783897,-0.00195599944289859,-20.1800462523848
3.9609375,0.00150085478820725,0.018010257458487,-0.000169820726954865,-0.00133103406125238,-13.7322784099408
3.97265625,0.000841974884926665,0.01010369861912,-0.000180284543915306,-0.000661690341011359,-6.82665924821419
3.984375,0.000155022487020023,0.00186026984424028,-0.000184737448934279,2.9714961914256E-05,0.306569262069379
3.99609375,-0.0005370985542888,-0.0064451826514656,-0.000183030976595004,0.000720129530883804,7.42957637012821
4.0078125,-0.00121131205874723,-0.0145357447049668,-0.000175222022817314,0.00138653408156455,14.3048721195015
4.01953125,-0.00184513890575492,-0.022141666869059,-0.000161570947876655,0.00200670985363157,20.7032255599169
4.03125,-0.00241744651632997,-0.0290093581959596,-0.000142532895667207,0.00255997941199718,26.4113075935749
4.04296875,-0.00290915343969525,-0.034909841276343,-0.000118742618635771,0.00302789605833102,31.2388036338012
4.0546875,-0.00330386555268762,-0.0396463866322514,-9.09933143420994E-05,0.00339485886702971,35.0247589311456
4.06640625,-0.00358842266030695,-0.0430610719236834,-6.02101792613087E-05,0.00364863283956826,37.6429450058257
4.078125,-0.00375333727305986,-0.0450400472767183,-2.7419561577399E-05,0.00378075683463726,39.0060682629526
4.08984375,-0.00379311093171301,-0.0455173311805562,6.28525854747593E-06,0.00378682567316554,39.0686804700489
4.1015625,-0.00370641753279374,-0.0444770103935248,3.97805202995783E-05,0.00366663701249416,37.8286940579022
4.11328125,-0.00349614754253664,-0.0419537705104396,7.1949449803153E-05,0.00342419809273348,35.3274517227313
4.125,-0.00316931162512805,-0.0380317395015365,0.00010171949475673,0.00306759213037132,31.6483480090409
4.13671875,-0.00273680689840279,-0.0328416827808335,0.000128098084666847,0.00260870881373595,26.9140488313138
4.1484375,-0.00221305361032093,-0.0265566433238512,0.000150205724388567,0.00206284788593236,21.2824016391642
4.16015625,-0.00161551434988389,-0.0193861721986067,0.000167305317592288,0.0014482090322916,14.9411725861525
4.171875,-0.000964111822599708,-0.0115693418711965,0.000178826742476377,0.000785285080123331,8.10178617163241
4.18359375,-0.000280564602589632,-0.00336677523107558,0.000184385860340355,9.61787422492769E-05,0.99227608378579
4.1953125,0.000412336991807888,0.00494804390169465,0.000183797323249055,-0.000596134315056942,-6.15031772844247
4.20703125,0.00109149075572511,0.0130978890687013,0.000177080753764473,-0.00126857150948958,-13.087852263404
4.21875,0.00173425285413897,0.0208110342496677,0.0001644600907048,-0.00189871294484377,-19.5890214519532
4.23046875,0.00231919279562198,0.0278303135474638,0.000146356122744782,-0.00246554891836676,-25.4370681907899
4.2421875,0.00282680795170176,0.0339216954204211,0.000123372458795261,-0.00295018041049702,-30.4370112950977
4.25390625,0.00324017379886066,0.0388820855863279,9.62754029280649E-05,-0.00333644920178873,-34.4221464148543
4.265625,0.00354550820329556,0.0425460984395467,6.59684048408696E-05,-0.00361147660813643,-37.2596041661435
4.27734375,0.00373263093447806,0.0447915712137368,3.34619377153969E-05,-0.00376609287219346,-38.8547801624199
4.2890625,0.00379530308675961,0.0455436370411154,-1.60192220809499E-07,-0.00379514289453881,-39.1544892429569
4.30078125,0.00373143509228061,0.0447772211073673,-3.37769811482288E-05,-0.00369765811113238,-38.1487387325527
4.3125,0.00354315638977357,0.0425178766772828,-6.62676033232421E-05,-0.00347688878645033,-35.871061609808
4.32421875,0.00323674442641534,0.038840933116984,-9.65487808087737E-05,-0.00314019564560656,-32.3973984757229
4.3359375,0.00282241535989507,0.0338689843187408,-0.000123610901314216,-0.00269880445858085,-27.8435655991786
4.34765625,0.00231398343895287,0.0277678012674345,-0.000146551679930454,-0.00216743175902242,-22.3613934578343
4.359375,0.00172840041906735,0.0207408050288083,-0.000164606242436307,-0.00156379417663105,-16.1336645203025
4.37109375,0.00108519036974828,0.0130222844369794,-0.000177172627160463,-0.000908017742587821,-9.36801905027854
4.3828125,0.000405798717666045,0.00486958461199254,-0.000183831855135764,-0.00022196686253028,-2.2900321207249
4.39453125,-0.000287122770667716,-0.00344547324801259,-0.000184361899381539,0.000471484670049255,4.86430734089816
4.40625,-0.000970471227096471,-0.0116456547251576,-0.000178745087560283,0.00114921631465675,11.8564647183137
4.41796875,-0.00162146296030807,-0.0194575555236969,-0.000167168691195877,0.00178863165150395,18.4533127485663
4.4296875,-0.00221839309256872,-0.0266207171108247,-0.000150018681806585,0.00236841177437531,24.4349042762301
4.44140625,-0.00274135922746498,-0.0328963107295798,-0.00012786686213268,0.00286922608959766,29.6018055663791
4.453125,-0.00317292502066597,-0.0380751002479916,-0.000101451801518525,0.0032743768221845,33.7817456744774
4.46484375,-0.00349870152942852,-0.0419844183531423,-7.16542110879778E-05,0.0035703557405165,36.8353601749087
4.4765625,-0.00370782695792564,-0.0444939234951077,-3.94675797350313E-05,0.00374729453766067,38.6608377450451
4.48828125,-0.0037933288030901,-0.0455199456370812,-5.96504996297487E-06,0.00379929385305308,39.1973146819486
4.5,-0.00375235632657821,-0.0450282759189386,2.7736362027575E-05,0.00372461996455064,38.4269041742689
4.51171875,-0.00358627560194786,-0.0430353072233743,6.05130090543414E-05,0.00352576259289352,36.3752926708824
4.5234375,-0.0033006239680593,-0.0396074876167116,9.12720767543588E-05,0.00320935189130494,33.1108834625931
4.53515625,-0.00290492540727926,-0.0348591048873511,0.000118988019380108,0.00278593738789915,28.7425160309556
4.546875,-0.00241237300400956,-0.0289484760481147,0.000142736752776225,0.00226963625123334,23.4158372039743
4.55859375,-0.00183938907076967,-0.0220726688492361,0.000161726464499594,0.00167766260627008,17.3084451088884
4.5703125,-0.00120507760777942,-0.014460931293353,0.000175324013835721,0.0010297535939437,10.6239678287171
4.58203125,-0.000530587351723009,-0.0063670482206761,0.000183076041500871,0.000347511310222138,3.58527418756179
4.59375,0.000161593349555179,0.00193912019466215,0.000184724085207393,-0.000346317434762572,-3.57295697444546
4.60546875,0.000848386326664635,0.0101806359199756,0.000180213197118943,-0.00102859952378358,-10.6120612868752
4.6171875,0.00150689304367001,0.0180827165240401,0.000169693775880387,-0.00167658681955039,-17.2973462173014
4.62890625,0.00211515806388875,0.0253818967666651,0.000153516552138746,-0.0022686746160275,-23.4059160135557
4.640625,0.00265290107158098,0.0318348128589718,0.000132220894745355,-0.00278512196632634,-28.7341033265889
4.65234375,0.00310219304301469,0.0372263165161763,0.000106516827524521,-0.00320870987053921,-33.1042597343531
4.6640625,0.00344805402251732,0.0413766482702078,7.72613561919634E-05,-0.00352531537870928,-36.3706787621436
4.67578125,0.00367895257291385,0.0441474308749662,4.54298947137211E-05,-0.00372438246762757,-38.4244539185136
4.6875,0.00378719024804967,0.045446282976596,1.20837437856541E-05,-0.00379927399183532,-39.197109773765
4.69921875,0.00376915826860369,0.0452298992232443,-2.16652942576414E-05,-0.00374749297434605,-38.6628850163282
4.7109375,0.00362545784329978,0.0435054941195973,-5.46919843218011E-05,-0.00357076585897797,-36.8395913670758
4.72265625,0.00336088012385675,0.040330561486281,-8.58951752965541E-05,-0.00327498494856019,-33.7880197142955
4.734375,0.00298424646200396,0.0358109575440475,-0.000114234513809553,-0.00287001194819441,-29.6099132695217
4.74609375,0.00250811429459334,0.0300973715351201,-0.000138765130907663,-0.00236934916368568,-24.4445753217451
4.7578125,0.00194835846296538,0.0233803015555845,-0.000158669145168296,-0.00178968931779708,-18.4642246917125
4.76953125,0.00132364192590502,0.0158837031108602,-0.000173282931887939,-0.00115035899401708,-11.8682537412742
4.78125,0.000654793513278028,0.00785752215933633,-0.000182119249158944,-0.000472674264119084,-4.87658038291659
4.79296875,-3.58865331800417E-05,-0.0004306383981605,-0.000184883483123313,0.000220770016303355,2.27768425820171
4.8046875,-0.000725370077785257,-0.00870444093342308,-0.000181483470767139,0.000906853548552395,9.35600806041506
4.81640625,-0.00139066887772049,-0.0166880265326459,-0.000172032572750316,0.00156270145047081,16.1223908645073
4.828125,-0.00200960103977213,-0.0241152124772655,-0.000156845893820667,0.00216644693359279,22.3512330138769
4.83984375,-0.00256153059236421,-0.0307383671083705,-0.000136429776827936,0.00269796036919214,27.8348571289553
4.8515625,-0.00302805551463299,-0.0363366661755958,-0.000111464920620537,0.00313952043525352,32.3904323305106
4.86328125,-0.00339362128279431,-0.0407234553935317,-8.27836846954587E-05,0.00347640496748977,35.8660700495919
4.875,-0.00364603947740012,-0.0437524737288014,-5.13423372927946E-05,0.00369738181469291,38.1458881821868
4.88671875,-0.00377689416047124,-0.0453227299256549,-1.81891722177228E-05,0.00379508333268896,39.153874743352
4.8984375,-0.00378182247338434,-0.0453818696806121,1.55704425846229E-05,0.00376625203079972,38.8564222017607
4.91015625,-0.00366066010002948,-0.0439279212003537,4.88109193775106E-05,0.00361184918065197,37.2634479967864
4.921875,-0.00341744674531445,-0.0410093609437734,8.04239791340183E-05,0.00333702276618044,34.4280638786836
4.93359375,-0.00306029144635601,-0.0367234973562722,0.000109355602944565,0.00295093584341145,30.4448050964759
4.9453125,-0.00260110220705087,-0.0312132264846104,0.000134641174324157,0.00246646103272671,25.4464784746414
4.95703125,-0.00205518897034811,-0.0246622676441773,0.000155437640731228,0.00189975132961688,19.5997344676573
4.96875,-0.0014407531656228,-0.0172890379874735,0.00017105162199269,0.00126970154363011,13.0995108256318
4.98046875,-0.000778280850280049,-0.00933937020336059,0.00018096252846517,0.000597318321814879,6.1625331261641
4.9921875,-8.98596790056354E-05,-0.00107831614806763,0.000184839918144222,-9.49802391385863E-05,-0.979911127192795
5.00390625,0.000601557526237452,0.00721869031484943,0.0001825545140135,-0.000784112040250952,-8.08968391926907
5.015625,0.00127291805197038,0.0152750166236446,0.000174182514302197,-0.00144710056627258,-14.9297365422342
5.02734375,0.00190183789946802,0.0228220547936163,0.000160003051940562,-0.00206184095140859,-21.2720130956824
5.0390625,0.00246734809524299,0.0296081771429159,0.000140488887919597,-0.00260783698316259,-26.9050541552884
5.05078125,0.00295059382282025,0.035407125873843,0.000116290648848662,-0.00306688447166891,-31.6410470942082
5.0625,0.00333546306587562,0.0400255567905074,8.82151342517026E-05,-0.00342367820012732,-35.3220879907136
5.07421875,0.00360912380299036,0.0433094856358843,5.71984168629205E-05,-0.00366632221985328,-37.8254463422263
5.0859375,0.00376245184327764,0.0451494221193317,2.4274632792253E-05,-0.00378672647606989,-39.0676570536131
5.09765625,0.00379033503830635,0.0454840204596763,-9.4584978644046E-06,-0.00378087654044195,-39.0073032677396
5.109375,0.00369184372751702,0.0443021247302042,-4.28762703848203E-05,-0.0036489674571322,-37.6463972552329
5.12109375,0.00347026173426629,0.0416431408111955,-7.48644944810507E-05,-0.00339539723978524,-35.0303133228643
5.1328125,0.00313297687905347,0.0375957225486417,-0.000104356642795634,-0.00302862023625784,-31.2462749774721
5.14453125,0.00269123466035475,0.032294815924257,-0.000130369410256356,-0.00256086525009839,-26.4204467852651
5.15625,0.00215976331565383,0.025917159787846,-0.000152035498695643,-0.00200772781695819,-20.7137278875576
5.16796875,0.00155628276360284,0.018675393163234,-0.000168632533655461,-0.00138765022994738,-14.3163874223671
5.1796875,0.000900913799795124,0.0108109655975415,-0.000179607149253908,-0.000721306650541216,-7.44172071363373
5.19140625,0.000215507244301415,0.00258608693161698,-0.00018459343809518,-3.09138062062358E-05,-0.318937738629734
5.203125,-0.000477084591971819,-0.00572501510366183,-0.000183425151079574,0.000660509743051393,6.81447901906122
5.21484375,-0.00115376983187971,-0.0138452379825565,-0.000176141240355691,0.0013299110722354,13.7206925322527
5.2265625,-0.00179198694407382,-0.0215038433288859,-0.000162984560607705,0.00195497150468153,20.1694410137993
5.23828125,-0.00237045697264577,-0.0284454836717492,-0.00014439377197626,0.00251485074462203,25.9457151322654
5.25,-0.00286989300410305,-0.0344387160492366,-0.000120988714581732,0.00299088171868478,30.8569266916709
5.26171875,-0.00327364321716201,-0.0392837186059441,-9.35497422798279E-05,0.00336719295944183,34.7393297625614
5.2734375,-0.00356824607527412,-0.0428189529032894,-6.29917046893833E-05,0.0036312377799635,37.4634801758835
5.28515625,-0.00374387915107341,-0.0449265498128809,-3.03334449627988E-05,0.0037742125960362,38.9385513533055
5.296875,-0.00379468661837693,-0.0455362394205231,3.33616971740208E-06,0.00379135044865953,39.1153625788203
5.30859375,-0.00371897449274598,-0.0446276939129518,3.68945523310212E-05,0.00368207994041496,37.9880187452612
5.3203125,-0.00351926711104377,-0.0422312053325252,6.92228244739022E-05,0.00345004428656987,35.5941069045413
5.33203125,-0.00320222296689045,-0.0384266756026854,9.92431211619248E-05,0.00310297984572853,32.0134430683812
5.34375,-0.00277841270816673,-0.0333409524980007,0.000125954528196109,0.00265245817997062,27.3654110427569
5.35546875,-0.00226196669840658,-0.027143600380879,0.000148466453892808,0.00211350024451377,21.8049820226486
5.3671875,-0.00167010389282256,-0.0200412467138707,0.000166028322522833,0.00150407557029972,15.5175476587823
5.37890625,-0.00102255773682565,-0.0122706928419078,0.000178054599444377,0.000844503137381277,8.71273886836263
5.390625,-0.000340918228300332,-0.00409101873960399,0.000184144313559143,0.000156773914741189,1.61743647838485
5.40234375,0.000352087919899425,0.0042250550387931,0.000184094426190174,-0.0005361823460896,-5.5317932646064
5.4140625,0.00103335501695141,0.0124002602034169,0.000177906600644543,-0.00121126161759595,-12.4965861087375
5.42578125,0.00168016876666548,0.0201620251999858,0.000165787146757144,-0.00184595591342262,-19.0447271587812
5.4375,0.00227096359049773,0.0272515630859728,0.000148140142262572,-0.0024191037327603,-24.957893210888
5.44921875,0.00278604165088305,0.0334324998105966,0.000125553960338805,-0.00291159561122185,-30.0389319209758
5.4609375,0.00320822960175018,0.0384987552210022,9.87816525103834E-05,-0.00330701125426057,-34.1184351102063
5.47265625,0.00352345116933604,0.0422814140320325,6.87158409695124E-05,-0.00359216701030555,-37.0603870453224
5.484375,0.00372119647273975,0.044654357672877,3.63589574372348E-05,-0.00375755543017699,-38.766699373136
5.49609375,0.00379487243648306,0.0455384692377968,2.78982083714348E-06,-0.00379766225732021,-39.1804815087726
5.5078125,0.00374202261188408,0.044904271342609,-3.08723318752585E-05,-0.00371115028000882,-38.287937438851
5.51953125,0.00356440907812547,0.0427729089375056,-6.35051624710706E-05,-0.00350090391565439,-36.1188256978064
5.53125,0.0032679536923329,0.0392154443079948,-9.4020651606826E-05,-0.00317393304072607,-32.7454671811709
5.54296875,0.00286254064745978,0.0343504877695174,-0.000121401374748671,-0.00274113927271111,-28.2803338765605
5.5546875,0.00236168692094486,0.0283402430513383,-0.000144734424377645,-0.00221695249656721,-22.872298907084
5.56640625,0.00178209160179628,0.0213850992215553,-0.0001632418474668,-0.00161884975432948,-16.7016729154172
5.578125,0.0011430791221003,0.0137169494652036,-0.00017630658340722,-0.000966772538693083,-9.97419228169654
5.58984375,0.000465954956311523,0.00559145947573828,-0.000183493037579583,-0.00028246191873194,-2.91415961555743
5.6015625,-0.00022670472988429,-0.00272045675861148,-0.00018456160462303,0.000411266334507319,4.24303477311202
5.61328125,-0.000911805797141129,-0.0109416695656935,-0.00017947665717727,0.0010912824543184,11.2587610812029
5.625,-0.00156650611991202,-0.0187980734389442,-0.000168407733743195,0.00173491385365521,17.8991062281608
5.63671875,-0.0021689771714538,-0.0260277260574456,-0.000151723886057721,0.00232070105751152,23.9426728103463
5.6484375,-0.00269913181418133,-0.032389581770176,-0.000129981374447363,0.0028291131886287,29.1879607670823
5.66015625,-0.0031392940299314,-0.0376715283591768,-0.000103905121414358,0.00324319915134576,33.4600856444342
5.671875,-0.00347478826049264,-0.0416974591259116,-7.43645418144114E-05,0.00354915280230705,36.6166094614018
5.68359375,-0.00369442870905196,-0.0443331445086235,-4.23445554793992E-05,0.00373677326453136,38.55228977017
5.6953125,-0.00379089228863585,-0.0454907074636302,-8.91274875946049E-06,0.00379980503739531,39.2025885708074
5.70703125,-0.00376096278297947,-0.0451315533957537,2.48162201396977E-05,0.00373614656283977,38.5458240888179
5.71875,-0.00360563807919531,-0.0432676569503437,5.7717785254029E-05,0.00354792029394128,36.6038936725921
5.73046875,-0.00333009689697006,-0.0399611627636407,8.86949672954766E-05,0.00324140192967458,33.4415437084526
5.7421875,-0.00294352612358,-0.0353223134829601,0.000116714948311869,0.00282681117526814,29.1642108952414
5.75390625,-0.00245881451159109,-0.0295057741390931,0.000140843507127976,0.00231797100446312,23.914506853046
5.765625,-0.00189212295174528,-0.0227054754209433,0.000160276167446745,0.00173184678429853,17.867463273608
5.77734375,-0.00126234564867169,-0.0151481477840603,0.000174365020093905,0.00108798062857779,11.224696145037
5.7890625,-0.000590480164497962,-0.00708576197397555,0.000182640325119694,0.000407839839378269,4.2076836228656
5.80078125,0.000101072666105476,0.00121287199326572,0.000184826173515293,-0.00028589883962077,-2.94961832836748
5.8125,0.000789255607740847,0.00947106729289016,0.000180849686364272,-0.000970105294105119,-10.0085763192825
5.82421875,0.00145112378131897,0.0174134853758276,0.000170843444716426,-0.00162196722603539,-16.7338358710071
5.8359375,0.00206460967499526,0.0247753160999432,0.000155141069170148,-0.00221975074416541,-22.9011684275546
5.84765625,0.0026092589025859,0.0313111068310308,0.000134266096544592,-0.00274352499913049,-28.3049474160292
5.859375,0.00306691217835876,0.0368029461403051,0.00010891452450836,-0.00317582670286712,-32.76500409348
5.87109375,0.00342231077030804,0.0410677292436965,7.99316061472818E-05,-0.00350224237645532,-36.1326345978895
5.8828125,0.00366360524534352,0.0439632629441222,4.82836681707805E-05,-0.0037118889135143,-38.295557920727
5.89453125,0.00378275054419439,0.0453930065303326,1.50258923718996E-05,-0.00379777643656629,-39.1816594960544
5.90625,0.00377577421373696,0.0453092905648435,-1.87328654519987E-05,-0.00375704134828496,-38.7613955902559
5.91796875,0.0036429088535449,0.0437149062425388,-5.18670461369022E-05,-0.003591041807408,-37.0487783270283
5.9296875,0.00338858436072887,0.0406630123287464,-8.32719147009523E-05,-0.00330531244602792,-34.10090850567
5.94140625,0.00302128023163214,0.0362553627795856,-0.000111900393589028,-0.00290937983804311,-30.0160717890908
5.953125,0.00255324284482819,0.0306389141379382,-0.000136797973546585,-0.0024164448712816,-24.9304617370123
5.96484375,0.00200007715155853,0.0240009258187023,-0.000157134538150883,-0.00184294261340764,-19.0136389425267
5.9765625,0.00138022638716146,0.0165627166459375,-0.000172232040929445,-0.00120799434623201,-12.4628776700756
5.98828125,0.000714357150562935,0.00857228580675522,-0.00018158711227695,-0.000532770038285985,-5.49658848499651
6,2.46703540474934E-05,0.00029604424856992,-0.000184887842426303,0.00016021748837881,1.65296382760418
6.01171875,-0.000665838982895008,-0.0079900677947401,-0.000182024180910526,0.000847863163805534,8.74740426098169
6.0234375,-0.00133414841624921,-0.0160097809949905,-0.000173091605782304,0.00150724002203151,15.5501953072991
6.03515625,-0.00195797567452192,-0.023495708094263,-0.000158387940256876,0.00211636361477879,21.8345234136728
6.046875,-0.00251652157751315,-0.0301982589301578,-0.000138403422913502,0.00265492500042665,27.3908612294017
6.05859375,-0.0029911635069705,-0.035893962083646,-0.000113804362529102,0.0031049678694996,32.0339535096274
6.0703125,-0.00336607630794864,-0.0403929156953836,-8.54109225108968E-05,0.00345148723045953,35.608993756651
6.08203125,-0.00362875991924732,-0.0435451190309678,-5.41697756238713E-05,0.00368292969487119,37.9967856619861
6.09375,-0.00377045614106916,-0.04524547369283,-2.11225407378965E-05,0.00379157868180706,39.1177172602034
6.10546875,-0.00378644064434352,-0.0454372877321223,1.26289460467676E-05,0.00377381169829675,38.9344152913276
6.1171875,-0.0036761804857602,-0.0441141658291224,4.5959367991651E-05,0.00363022111776855,37.4529912720181
6.12890625,-0.0034433518767653,-0.0413202225211836,7.77574471860863E-05,0.00336559442957921,34.7228377299688
6.140625,-0.00309571761407855,-0.0371486113689426,0.000106962995941284,0.00298875461813727,30.8349813953222
6.15234375,-0.00264486825835183,-0.031738419100222,0.0001326022647723,0.00251226599357953,25.91904825576
6.1640625,-0.00210583569039584,-0.0252700282847501,0.000153820408422719,0.00195201528197312,20.1389416641167
6.17578125,-0.00149659192949297,-0.0179591031539156,0.000169909987473195,0.00132668194201977,13.687377595818
6.1875,-0.000837449923820304,-0.0100493990858436,0.000180334555256001,0.000657115368564303,6.77945925747791
6.19921875,-0.000150386291378359,-0.00180463549654031,0.000184746543656658,-3.43602522782988E-05,-0.354494722755208
6.2109375,0.000541691407910614,0.00650029689492737,0.000182998851469715,-0.000724690259380329,-7.47662940602685
6.22265625,0.00121570843887115,0.0145885012664538,0.000175149748936209,-0.00139085818780736,-14.3494839236086
6.234375,0.00184919223157479,0.0221903067788974,0.000161460934941193,-0.00201065316651598,-20.7439087189453
6.24609375,0.00242102164489871,0.0290522597387845,0.000142388811646167,-0.00256341045654488,-26.4467056801735
6.2578125,0.00291213117175964,0.0349455740611157,0.000118569267470353,-0.00303070043922999,-31.2677364315359
6.26953125,0.00330614660694024,0.0396737592832829,9.07964757767832E-05,-0.00339694308271702,-35.0462617843915
6.28125,0.00358993098354909,0.0430791718025891,5.99964161397603E-05,-0.00364992739968885,-37.6563009825899
6.29296875,0.00375402257591012,0.0450482709109214,2.71960010291917E-05,-0.00378121857693931,-39.0108320582829
6.3046875,0.00379295036531814,0.0455154043838177,-6.51116273435708E-06,-0.00378643920258379,-39.0646932530569
6.31640625,0.00370541645063795,0.0444649974076554,-4.00012361973035E-05,-0.00366541521444064,-37.8160887673841
6.328125,0.00349433932194978,0.0419320718633973,-7.21576184679008E-05,-0.00342218170348188,-35.3066486348225
6.33984375,0.00316675655444365,0.0380010786533237,-0.000101908175585132,-0.00306484837885851,-31.6200407246833
6.3515625,0.00273359016686977,0.0328030820024372,-0.000128260986804384,-0.00260532918006538,-26.8791811507346
6.36328125,0.00220928246778758,0.026511389613451,-0.00015033741647442,-0.00205894505131316,-21.2421360943979
6.375,0.00161131453095399,0.0193357743714479,-0.000167401408847828,-0.00144391312210617,-14.8968516807693
6.38671875,0.000959623354483565,0.0115154802538028,-0.000178884029099022,-0.000780739325384544,-8.05488761999234
6.3984375,0.000275937136422166,0.003311245637066,-0.000184402432322573,-9.15347040995935E-05,-0.944363542195506
6.41015625,-0.000416949170523138,-0.00500339004627765,-0.000183772628060216,0.000600721798583354,6.19764679598446
6.421875,-0.00109593387118731,-0.0131512064542477,-0.000177015614773047,0.00127294948596035,13.1330198466529
6.43359375,-0.00173837876732738,-0.0208605452079285,-0.000164356679726151,0.00190273544705353,19.6305216072512
6.4453125,-0.00232286394343601,-0.0278743673212321,-0.000146217887630154,0.00246908183106616,25.4735172511096
6.45703125,-0.00282990193348652,-0.0339588232018383,-0.000123204008476041,0.00295310594196256,30.4671940032278
6.46875,-0.00324258745739784,-0.0389110494887741,-9.60823537483708E-05,0.00333866981114621,34.4450564415955
6.48046875,-0.00354716106419393,-0.0425659327703271,-6.57571933015558E-05,0.00361291825749548,37.2744776625809
6.4921875,-0.00373346788929018,-0.0448016146714822,-3.32396058730896E-05,0.00376670749516327,38.8611212275995
6.50390625,-0.00379529623036634,-0.0455435547643961,3.86231544715482E-07,0.00379490999882163,39.1520864578427
6.515625,-0.00373058465328267,-0.044767015839392,3.39991915202656E-05,0.0036965854617624,38.1376722090027
